{
      "AtrialFibrillation": {
            "properties": {
                  "num_of_dimensions": 2,
                  "num_of_instances": 22,
                  "num_of_timestamps": 640,
                  "num_of_classes": 3,
                  "unique_lengths": true,
                  "missing_values_count": 0
            },
            "dtw": {
                  "accuracy": 0.375,
                  "recall": 0.4444444444444444,
                  "f1-score": 0.3,
                  "auroc": 0.5833333333333334,
                  "runtime": 0.025823436000000033,
                  "memory_footprint": 143802368
            }
      },
      "BasicMotions": {
            "properties": {
                  "num_of_dimensions": 6,
                  "num_of_instances": 60,
                  "num_of_timestamps": 100,
                  "num_of_classes": 4,
                  "unique_lengths": true,
                  "missing_values_count": 0
            },
            "dtw": {
                  "accuracy": 0.6,
                  "recall": 0.7,
                  "f1-score": 0.5595238095238095,
                  "auroc": 0.8000000000000002,
                  "runtime": 0.05887997399999989,
                  "memory_footprint": 145866752
            }
      },
      "FingerMovements": {
            "properties": {
                  "num_of_dimensions": 28,
                  "num_of_instances": 312,
                  "num_of_timestamps": 50,
                  "num_of_classes": 2,
                  "unique_lengths": true,
                  "missing_values_count": 0
            },
            "dtw": {
                  "accuracy": 0.5865384615384616,
                  "recall": 0.5868274582560297,
                  "f1-score": 0.5861941334320349,
                  "auroc": 0.5868274582560297,
                  "runtime": 2.4261150760000003,
                  "memory_footprint": 178384896
            }
      },
      "HandMovementDirection": {
            "properties": {
                  "num_of_dimensions": 10,
                  "num_of_instances": 175,
                  "num_of_timestamps": 400,
                  "num_of_classes": 4,
                  "unique_lengths": true,
                  "missing_values_count": 0
            },
            "dtw": {
                  "accuracy": 0.3389830508474576,
                  "recall": 0.34134615384615385,
                  "f1-score": 0.31101556101556105,
                  "auroc": 0.560897435897436,
                  "runtime": 0.7920953440000016,
                  "memory_footprint": 196820992
            }
      },
      "Heartbeat": {
            "properties": {
                  "num_of_dimensions": 61,
                  "num_of_instances": 306,
                  "num_of_timestamps": 405,
                  "num_of_classes": 2,
                  "unique_lengths": true,
                  "missing_values_count": 0
            },
            "dtw": {
                  "accuracy": 0.5339805825242718,
                  "recall": 0.3953546453546454,
                  "f1-score": 0.3976608187134503,
                  "auroc": 0.3953546453546454,
                  "runtime": 101.475984629,
                  "memory_footprint": 424935424
            }
      },
      "SelfRegulationSCP1": {
            "properties": {
                  "num_of_dimensions": 6,
                  "num_of_instances": 420,
                  "num_of_timestamps": 896,
                  "num_of_classes": 2,
                  "unique_lengths": true,
                  "missing_values_count": 0
            },
            "dtw": {
                  "accuracy": 0.7872340425531915,
                  "recall": 0.7883454106280193,
                  "f1-score": 0.7869661563255439,
                  "auroc": 0.7883454106280193,
                  "runtime": 2.9354386239999997,
                  "memory_footprint": 448720896
            }
      },
      "SelfRegulationSCP2": {
            "properties": {
                  "num_of_dimensions": 7,
                  "num_of_instances": 285,
                  "num_of_timestamps": 1152,
                  "num_of_classes": 2,
                  "unique_lengths": true,
                  "missing_values_count": 0
            },
            "dtw": {
                  "accuracy": 0.4842105263157895,
                  "recall": 0.48136645962732916,
                  "f1-score": 0.4784313725490196,
                  "auroc": 0.48136645962732916,
                  "runtime": 2.3345416360000115,
                  "memory_footprint": 448720896
            }
      }
}