{
      "AtrialFibrillation": {
            "properties": {
                  "num_of_dimensions": 2,
                  "num_of_instances": 22,
                  "num_of_timestamps": 640,
                  "num_of_classes": 3
            },
            "dtw": {
                  "accuracy": 0.375,
                  "recall": 0.4444444444444444,
                  "f1-score": 0.3,
                  "auroc": 0.5833333333333334,
                  "runtime": 0.02683419900000006
            }
      },
      "BasicMotions": {
            "properties": {
                  "num_of_dimensions": 6,
                  "num_of_instances": 60,
                  "num_of_timestamps": 100,
                  "num_of_classes": 4
            },
            "dtw": {
                  "accuracy": 0.6,
                  "recall": 0.7,
                  "f1-score": 0.5595238095238095,
                  "auroc": 0.8000000000000002,
                  "runtime": 0.08070156799999983
            }
      }
}