{
      "AtrialFibrillation": {
            "properties": {
                  "num_of_dimensions": 2,
                  "num_of_instances": 22,
                  "num_of_timestamps": 640,
                  "num_of_classes": 3,
                  "unique_lengths": true,
                  "missing_values_count": 0
            },
            "sagdtw_minkowski": {
                  "accuracy": 0.125,
                  "recall": 0.1111111111111111,
                  "f1-score": 0.08333333333333333,
                  "auroc": 0.3333333333333333,
                  "runtime": 2.15657616,
                  "memory_footprint": "145.09375 MB"
            },
            "agdtw_minkowski": {
                  "accuracy": 0.125,
                  "recall": 0.1111111111111111,
                  "f1-score": 0.08333333333333333,
                  "auroc": 0.3333333333333333,
                  "runtime": 4.388419054,
                  "memory_footprint": "148.57422 MB"
            }
      },
      "BasicMotions": {
            "properties": {
                  "num_of_dimensions": 6,
                  "num_of_instances": 60,
                  "num_of_timestamps": 100,
                  "num_of_classes": 4,
                  "unique_lengths": true,
                  "missing_values_count": 0
            },
            "sagdtw_minkowski": {
                  "accuracy": 0.7,
                  "recall": 0.7857142857142857,
                  "f1-score": 0.6934523809523809,
                  "auroc": 0.8571428571428571,
                  "runtime": 1.242860298,
                  "memory_footprint": "150.13281 MB"
            },
            "agdtw_minkowski": {
                  "accuracy": 0.65,
                  "recall": 0.75,
                  "f1-score": 0.5952380952380952,
                  "auroc": 0.8333333333333334,
                  "runtime": 2.403356990999999,
                  "memory_footprint": "150.20703 MB"
            }
      },
      "FingerMovements": {
            "properties": {
                  "num_of_dimensions": 28,
                  "num_of_instances": 312,
                  "num_of_timestamps": 50,
                  "num_of_classes": 2,
                  "unique_lengths": true,
                  "missing_values_count": 0
            },
            "sagdtw_minkowski": {
                  "accuracy": 0.5288461538461539,
                  "recall": 0.5244897959183673,
                  "f1-score": 0.5235156615240767,
                  "auroc": 0.5244897959183673,
                  "runtime": 36.61889169,
                  "memory_footprint": "176.89062 MB"
            },
            "agdtw_minkowski": {
                  "accuracy": 0.5769230769230769,
                  "recall": 0.5743970315398887,
                  "f1-score": 0.5744047619047619,
                  "auroc": 0.5743970315398887,
                  "runtime": 66.47442699800001,
                  "memory_footprint": "177.83203 MB"
            }
      },
      "HandMovementDirection": {
            "properties": {
                  "num_of_dimensions": 10,
                  "num_of_instances": 175,
                  "num_of_timestamps": 400,
                  "num_of_classes": 4,
                  "unique_lengths": true,
                  "missing_values_count": 0
            },
            "sagdtw_minkowski": {
                  "accuracy": 0.288135593220339,
                  "recall": 0.28525641025641024,
                  "f1-score": 0.28488867549176106,
                  "auroc": 0.5235042735042735,
                  "runtime": 163.508336327,
                  "memory_footprint": "190.57812 MB"
            },
            "agdtw_minkowski": {
                  "accuracy": 0.22033898305084745,
                  "recall": 0.22622863247863248,
                  "f1-score": 0.22091227113715867,
                  "auroc": 0.4841524216524217,
                  "runtime": 415.348826843,
                  "memory_footprint": "192.21094 MB"
            }
      },
      "Heartbeat": {
            "properties": {
                  "num_of_dimensions": 61,
                  "num_of_instances": 306,
                  "num_of_timestamps": 405,
                  "num_of_classes": 2,
                  "unique_lengths": true,
                  "missing_values_count": 0
            },
            "sagdtw_minkowski": {
                  "accuracy": 0.6990291262135923,
                  "recall": 0.5566933066933066,
                  "f1-score": 0.5592822636300898,
                  "auroc": 0.5566933066933066,
                  "runtime": 4445.4285428739995,
                  "memory_footprint": "387.68359 MB"
            },
            "agdtw_minkowski": {
                  "accuracy": 0.7281553398058253,
                  "recall": 0.5889110889110889,
                  "f1-score": 0.5953984287317621,
                  "auroc": 0.5889110889110889,
                  "runtime": 10911.328933450002,
                  "memory_footprint": "387.68359 MB"
            }
      },
      "SelfRegulationSCP1": {
            "properties": {
                  "num_of_dimensions": 6,
                  "num_of_instances": 420,
                  "num_of_timestamps": 896,
                  "num_of_classes": 2,
                  "unique_lengths": true,
                  "missing_values_count": 0
            },
            "sagdtw_minkowski": {
                  "accuracy": 0.7446808510638298,
                  "recall": 0.7460748792270532,
                  "f1-score": 0.7440500201694231,
                  "auroc": 0.7460748792270532,
                  "runtime": 4321.564736236003,
                  "memory_footprint": "387.68359 MB"
            },
            "agdtw_minkowski": {
                  "accuracy": 0.7730496453900709,
                  "recall": 0.7726449275362319,
                  "f1-score": 0.7727639000805802,
                  "auroc": 0.7726449275362319,
                  "runtime": 9919.203789982996,
                  "memory_footprint": "387.68359 MB"
            }
      },
      "SelfRegulationSCP2": {
            "properties": {
                  "num_of_dimensions": 7,
                  "num_of_instances": 285,
                  "num_of_timestamps": 1152,
                  "num_of_classes": 2,
                  "unique_lengths": true,
                  "missing_values_count": 0
            },
            "sagdtw_minkowski": {
                  "accuracy": 0.5157894736842106,
                  "recall": 0.516637089618456,
                  "f1-score": 0.5157358156028369,
                  "auroc": 0.516637089618456,
                  "runtime": 4292.0829005210035,
                  "memory_footprint": "387.68359 MB"
            },
            "agdtw_minkowski": {
                  "accuracy": 0.5368421052631579,
                  "recall": 0.539041703637977,
                  "f1-score": 0.5355555555555556,
                  "auroc": 0.539041703637977,
                  "runtime": 9050.819745823988,
                  "memory_footprint": "387.68359 MB"
            }
      }
}