{
      "ArticularyWordRecognition": {
            "properties": {
                  "num_of_dimensions": 9,
                  "num_of_instances": 431,
                  "num_of_timestamps": 144,
                  "num_of_classes": 25,
                  "unique_lengths": true,
                  "missing_values_count": 0
            },
            "dagdtw": {
                  "arguments": {
                        "sigma": 1,
                        "pseudo_distance": true,
                        "average_aggregation": false,
                        "window": 0.3,
                        "distance_composition": 0,
                        "njobs": -1,
                        "z-normalized": true
                  },
                  "accuracy": 0.25,
                  "recall": 0.2674126984126984,
                  "f1-score": 0.20001854743273512,
                  "auroc": 0.6184441137566138,
                  "runtime": 103.371065466
            },
            "agdtw": {
                  "arguments": {
                        "sigma": 1,
                        "pseudo_distance": true,
                        "average_aggregation": false,
                        "window": 0.3,
                        "distance_composition": 0,
                        "njobs": -1,
                        "z-normalized": true
                  },
                  "accuracy": 0.3611111111111111,
                  "recall": 0.3844603174603175,
                  "f1-score": 0.32963192328827007,
                  "auroc": 0.6794064153439153,
                  "runtime": 248.81951001999997
            },
            "dtw": {
                  "arguments": {
                        "w": 0.3,
                        "njobs": -1,
                        "z-normalized": true
                  },
                  "accuracy": 0.3263888888888889,
                  "recall": 0.36574603174603176,
                  "f1-score": 0.3034837006818431,
                  "auroc": 0.6696593915343916,
                  "runtime": 4.622773811999991
            },
            "sdtw": {
                  "arguments": {
                        "gamma": 1.0,
                        "njobs": -1,
                        "z-normalized": true
                  },
                  "accuracy": 0.2152777777777778,
                  "recall": 0.2390793650793651,
                  "f1-score": 0.1855023992175695,
                  "auroc": 0.6036871693121694,
                  "runtime": 93.44623999299995
            },
            "ddtw": {
                  "arguments": {
                        "w": 0.3,
                        "njobs": -1,
                        "z-normalized": true
                  },
                  "accuracy": 0.08333333333333333,
                  "recall": 0.10242857142857142,
                  "f1-score": 0.08577062619919763,
                  "auroc": 0.532514880952381,
                  "runtime": 5.692299900999956
            },
            "wdtw": {
                  "arguments": {
                        "g": 1,
                        "njobs": -1,
                        "z-normalized": true
                  },
                  "accuracy": 0.3263888888888889,
                  "recall": 0.36574603174603176,
                  "f1-score": 0.3034837006818431,
                  "auroc": 0.6696593915343916,
                  "runtime": 7.124943936000022
            },
            "wddtw": {
                  "arguments": {
                        "g": 1,
                        "njobs": -1,
                        "z-normalized": true
                  },
                  "accuracy": 0.08333333333333333,
                  "recall": 0.10242857142857142,
                  "f1-score": 0.08577062619919763,
                  "auroc": 0.532514880952381,
                  "runtime": 7.7565286459999925
            }
      },
      "AtrialFibrillation": {
            "properties": {
                  "num_of_dimensions": 2,
                  "num_of_instances": 22,
                  "num_of_timestamps": 640,
                  "num_of_classes": 3,
                  "unique_lengths": true,
                  "missing_values_count": 0
            },
            "dagdtw": {
                  "arguments": {
                        "sigma": 1,
                        "pseudo_distance": true,
                        "average_aggregation": false,
                        "window": 0.3,
                        "distance_composition": 0,
                        "njobs": -1,
                        "z-normalized": true
                  },
                  "accuracy": 0.625,
                  "recall": 0.5833333333333334,
                  "f1-score": 0.6055555555555555,
                  "auroc": 0.6875,
                  "runtime": 1.1362876440000491
            },
            "agdtw": {
                  "arguments": {
                        "sigma": 1,
                        "pseudo_distance": true,
                        "average_aggregation": false,
                        "window": 0.3,
                        "distance_composition": 0,
                        "njobs": -1,
                        "z-normalized": true
                  },
                  "accuracy": 0.5,
                  "recall": 0.4166666666666667,
                  "f1-score": 0.4166666666666667,
                  "auroc": 0.5625,
                  "runtime": 3.1074046140000746
            },
            "dtw": {
                  "arguments": {
                        "w": 0.3,
                        "njobs": -1,
                        "z-normalized": true
                  },
                  "accuracy": 0.5,
                  "recall": 0.5,
                  "f1-score": 0.5,
                  "auroc": 0.625,
                  "runtime": 0.011319722000052934
            },
            "sdtw": {
                  "arguments": {
                        "gamma": 1.0,
                        "njobs": -1,
                        "z-normalized": true
                  },
                  "accuracy": 0.5,
                  "recall": 0.4166666666666667,
                  "f1-score": 0.3611111111111111,
                  "auroc": 0.5625,
                  "runtime": 4.0139851249999765
            },
            "ddtw": {
                  "arguments": {
                        "w": 0.3,
                        "njobs": -1,
                        "z-normalized": true
                  },
                  "accuracy": 0.25,
                  "recall": 0.25,
                  "f1-score": 0.21666666666666667,
                  "auroc": 0.4375,
                  "runtime": 0.0159227420000434
            },
            "wdtw": {
                  "arguments": {
                        "g": 1,
                        "njobs": -1,
                        "z-normalized": true
                  },
                  "accuracy": 0.5,
                  "recall": 0.5,
                  "f1-score": 0.5,
                  "auroc": 0.625,
                  "runtime": 0.01455759499992837
            },
            "wddtw": {
                  "arguments": {
                        "g": 1,
                        "njobs": -1,
                        "z-normalized": true
                  },
                  "accuracy": 0.25,
                  "recall": 0.25,
                  "f1-score": 0.21666666666666667,
                  "auroc": 0.4375,
                  "runtime": 0.01633552599992072
            }
      },
      "BasicMotions": {
            "properties": {
                  "num_of_dimensions": 6,
                  "num_of_instances": 60,
                  "num_of_timestamps": 100,
                  "num_of_classes": 4,
                  "unique_lengths": true,
                  "missing_values_count": 0
            },
            "dagdtw": {
                  "arguments": {
                        "sigma": 1,
                        "pseudo_distance": true,
                        "average_aggregation": false,