{
      "Cricket": {
            "properties": {
                  "num_of_dimensions": 6,
                  "num_of_instances": 135,
                  "num_of_timestamps": 1197,
                  "num_of_classes": 12,
                  "unique_lengths": true,
                  "missing_values_count": 0
            },
            "dtw": {
                  "arguments": {
                        "njobs": -1,
                        "z-normalized": true
                  },
                  "accuracy": 0.4888888888888889,
                  "recall": 0.4611111111111111,
                  "f1-score": 0.433080808080808,
                  "auroc": 0.7060606060606059,
                  "runtime": 0.54916096
            }
      }
}