{
      "AtrialFibrillation": {
            "properties": {
                  "num_of_dimensions": 2,
                  "num_of_instances": 22,
                  "num_of_timestamps": 640,
                  "num_of_classes": 3,
                  "unique_lengths": true,
                  "missing_values_count": 0
            },
            "sagdtw_minkowski": {
                  "accuracy": 0.375,
                  "recall": 0.4444444444444444,
                  "f1-score": 0.3333333333333333,
                  "auroc": 0.5833333333333334,
                  "runtime": 0.4348155739999999,
                  "memory_footprint": "143.84375 MB"
            },
            "agdtw_minkowski": {
                  "accuracy": 0.25,
                  "recall": 0.27777777777777773,
                  "f1-score": 0.21666666666666667,
                  "auroc": 0.4583333333333333,
                  "runtime": 1.354492047,
                  "memory_footprint": "147.33984 MB"
            }
      },
      "BasicMotions": {
            "properties": {
                  "num_of_dimensions": 6,
                  "num_of_instances": 60,
                  "num_of_timestamps": 100,
                  "num_of_classes": 4,
                  "unique_lengths": true,
                  "missing_values_count": 0
            },
            "sagdtw_minkowski": {
                  "accuracy": 0.65,
                  "recall": 0.7214285714285714,
                  "f1-score": 0.6582167832167831,
                  "auroc": 0.8142857142857142,
                  "runtime": 0.3435293570000013,
                  "memory_footprint": "148.82422 MB"
            },
            "agdtw_minkowski": {
                  "accuracy": 0.65,
                  "recall": 0.75,
                  "f1-score": 0.6041666666666666,
                  "auroc": 0.8333333333333334,
                  "runtime": 0.8493090099999989,
                  "memory_footprint": "148.89062 MB"
            }
      },
      "FingerMovements": {
            "properties": {
                  "num_of_dimensions": 28,
                  "num_of_instances": 312,
                  "num_of_timestamps": 50,
                  "num_of_classes": 2,
                  "unique_lengths": true,
                  "missing_values_count": 0
            },
            "sagdtw_minkowski": {
                  "accuracy": 0.4807692307692308,
                  "recall": 0.47569573283858996,
                  "f1-score": 0.47376311844077956,
                  "auroc": 0.47569573283859,
                  "runtime": 11.848002739000002,
                  "memory_footprint": "175.30469 MB"
            },
            "agdtw_minkowski": {
                  "accuracy": 0.5,
                  "recall": 0.5194805194805194,
                  "f1-score": 0.4477124183006536,
                  "auroc": 0.5194805194805194,
                  "runtime": 28.687386839,
                  "memory_footprint": "176.12891 MB"
            }
      },
      "HandMovementDirection": {
            "properties": {
                  "num_of_dimensions": 10,
                  "num_of_instances": 175,
                  "num_of_timestamps": 400,
                  "num_of_classes": 4,
                  "unique_lengths": true,
                  "missing_values_count": 0
            },
            "sagdtw_minkowski": {
                  "accuracy": 0.3050847457627119,
                  "recall": 0.3095619658119658,
                  "f1-score": 0.3038349488850045,
                  "auroc": 0.5397079772079773,
                  "runtime": 29.716000492999996,
                  "memory_footprint": "189.75781 MB"
            },
            "agdtw_minkowski": {
                  "accuracy": 0.2033898305084746,
                  "recall": 0.19858440170940173,
                  "f1-score": 0.2074810606060606,
                  "auroc": 0.4657229344729344,
                  "runtime": 146.899471036,
                  "memory_footprint": "194.06250 MB"
            }
      },
      "Heartbeat": {
            "properties": {
                  "num_of_dimensions": 61,
                  "num_of_instances": 306,
                  "num_of_timestamps": 405,
                  "num_of_classes": 2,
                  "unique_lengths": true,
                  "missing_values_count": 0
            },
            "sagdtw_minkowski": {
                  "accuracy": 0.5922330097087378,
                  "recall": 0.5362137862137862,
                  "f1-score": 0.523987676056338,
                  "auroc": 0.5362137862137862,
                  "runtime": 663.175879639,
                  "memory_footprint": "406.37891 MB"
            },
            "agdtw_minkowski": {
                  "accuracy": 0.6310679611650486,
                  "recall": 0.5112387612387612,
                  "f1-score": 0.5112387612387612,
                  "auroc": 0.5112387612387612,
                  "runtime": 3551.87407668,
                  "memory_footprint": "413.85156 MB"
            }
      },
      "SelfRegulationSCP1": {
            "properties": {
                  "num_of_dimensions": 6,
                  "num_of_instances": 420,
                  "num_of_timestamps": 896,
                  "num_of_classes": 2,
                  "unique_lengths": true,
                  "missing_values_count": 0
            },
            "sagdtw_minkowski": {
                  "accuracy": 0.6099290780141844,
                  "recall": 0.6071859903381642,
                  "f1-score": 0.6019198193111237,
                  "auroc": 0.6071859903381642,
                  "runtime": 703.7549736239998,
                  "memory_footprint": "413.85156 MB"
            },
            "agdtw_minkowski": {
                  "accuracy": 0.7375886524822695,
                  "recall": 0.7370169082125604,
                  "f1-score": 0.7371126228269085,
                  "auroc": 0.7370169082125604,
                  "runtime": 3368.4404767410015,
                  "memory_footprint": "413.85156 MB"
            }
      },
      "SelfRegulationSCP2": {
            "properties": {
                  "num_of_dimensions": 7,
                  "num_of_instances": 285,
                  "num_of_timestamps": 1152,
                  "num_of_classes": 2,
                  "unique_lengths": true,
                  "missing_values_count": 0
            },
            "sagdtw_minkowski": {
                  "accuracy": 0.4842105263157895,
                  "recall": 0.4800354924578527,
                  "f1-score": 0.472760221995696,
                  "auroc": 0.4800354924578527,
                  "runtime": 762.8267974269984,
                  "memory_footprint": "413.85156 MB"
            },
            "agdtw_minkowski": {
                  "accuracy": 0.49473684210526314,
                  "recall": 0.49489795918367346,
                  "f1-score": 0.49468085106382975,
                  "auroc": 0.4948979591836735,
                  "runtime": 2330.307487492999,
                  "memory_footprint": "413.85156 MB"
            }
      }
}