{
      "UWaveGestureLibraryX": {
            "properties": {
                  "num_of_dimensions": 1,
                  "num_of_instances": 3358,
                  "num_of_timestamps": 315,
                  "num_of_classes": 8,
                  "unique_lengths": true,
                  "missing_values_count": 0
            },
            "dagdtw": {
                  "arguments": {
                        "sigma": 1,
                        "pseudo_distance": true,
                        "average_aggregation": false,
                        "window": -1,
                        "distance_composition": 0,
                        "njobs": -1,
                        "z-normalized": true
                  },
                  "accuracy": 0.75625,
                  "recall": 0.7550430425655161,
                  "f1-score": 0.7353945411963401,
                  "auroc": 0.8600245957517236,
                  "runtime": 6586.697785693
            },
            "agdtw": {
                  "arguments": {
                        "sigma": 1,
                        "pseudo_distance": true,
                        "average_aggregation": false,
                        "window": -1,
                        "distance_composition": 0,
                        "njobs": -1,
                        "z-normalized": true
                  },
                  "accuracy": 0.7571428571428571,
                  "recall": 0.7556479244812208,
                  "f1-score": 0.7373528432515426,
                  "auroc": 0.8603702425606976,
                  "runtime": 14276.006007360998
            },
            "dtw": {
                  "arguments": {
                        "w": -1,
                        "njobs": -1,
                        "z-normalized": true
                  },
                  "accuracy": 0.7741071428571429,
                  "recall": 0.77306382892353,
                  "f1-score": 0.74896954609083,
                  "auroc": 0.8703221879563028,
                  "runtime": 134.95819843500067
            }
      }
}