{
      "LargeKitchenAppliances": {
            "properties": {
                  "num_of_dimensions": 1,
                  "num_of_instances": 562,
                  "num_of_timestamps": 720,
                  "num_of_classes": 3,
                  "unique_lengths": true,
                  "missing_values_count": 0
            },
            "dtw": {
                  "arguments": {
                        "njobs": -1,
                        "z-normalized": true
                  },
                  "accuracy": 0.5691489361702128,
                  "recall": 0.5668546365914787,
                  "f1-score": 0.556434685882865,
                  "auroc": 0.6751409774436091,
                  "runtime": 3.6940814179999997
            }
      },
      "Meat": {
            "properties": {
                  "num_of_dimensions": 1,
                  "num_of_instances": 90,
                  "num_of_timestamps": 448,
                  "num_of_classes": 3,
                  "unique_lengths": true,
                  "missing_values_count": 0
            },
            "dtw": {
                  "arguments": {
                        "njobs": -1,
                        "z-normalized": true
                  },
                  "accuracy": 0.9666666666666667,
                  "recall": 0.9722222222222222,
                  "f1-score": 0.9696342305037957,
                  "auroc": 0.9791666666666666,
                  "runtime": 0.06892990799999943
            }
      }
}