{
      "Cricket": {
            "properties": {
                  "num_of_dimensions": 6,
                  "num_of_instances": 135,
                  "num_of_timestamps": 1197,
                  "num_of_classes": 12,
                  "unique_lengths": true,
                  "missing_values_count": 0,
                  "len train set": 135,
                  "len test set": 45,
                  "imbalance": 0
            },
            "dagdtw": {
                  "arguments": {
                        "sigma": 1,
                        "pseudo_distance": true,
                        "average_aggregation": false,
                        "window": 0.3,
                        "distance_composition": 0,
                        "njobs": -1,
                        "z-normalized": true
                  },
                  "accuracy": 0.6222222222222222,
                  "recall": 0.5986111111111111,
                  "f1-score": 0.5504680504680505,
                  "auroc": 0.7810606060606061,
                  "runtime": 476.6694528199996
            },
            "agdtw": {
                  "arguments": {
                        "sigma": 1,
                        "pseudo_distance": true,
                        "average_aggregation": false,
                        "window": 0.3,
                        "distance_composition": 0,
                        "njobs": -1,
                        "z-normalized": true
                  },
                  "accuracy": 0.8222222222222222,
                  "recall": 0.8138888888888888,
                  "f1-score": 0.806878306878307,
                  "auroc": 0.8984848484848486,
                  "runtime": 1285.068078577001
            },
            "dtw": {
                  "arguments": {
                        "w": 0.3,
                        "njobs": -1,
                        "z-normalized": true
                  },
                  "accuracy": 0.4888888888888889,
                  "recall": 0.4611111111111111,
                  "f1-score": 0.433080808080808,
                  "auroc": 0.7060606060606059,
                  "runtime": 0.9306093710001733
            },
            "sdtw": {
                  "arguments": {
                        "gamma": 1.0,
                        "njobs": -1,
                        "z-normalized": true
                  },
                  "accuracy": 0.7111111111111111,
                  "recall": 0.7000000000000001,
                  "f1-score": 0.6873917748917749,
                  "auroc": 0.8363636363636364,
                  "runtime": 553.4183320949996
            },
            "ddtw": {
                  "arguments": {
                        "w": 0.3,
                        "njobs": -1,
                        "z-normalized": true
                  },
                  "accuracy": 0.13333333333333333,
                  "recall": 0.1486111111111111,
                  "f1-score": 0.1297979797979798,
                  "auroc": 0.5356060606060605,
                  "runtime": 1.4048781099991174
            },
            "wdtw": {
                  "arguments": {
                        "g": 0.115,
                        "njobs": -1,
                        "z-normalized": true
                  },
                  "accuracy": 0.4888888888888889,
                  "recall": 0.4611111111111111,
                  "f1-score": 0.433080808080808,
                  "auroc": 0.7060606060606059,
                  "runtime": 1.180813846998717
            },
            "wddtw": {
                  "arguments": {
                        "g": 0.115,
                        "njobs": -1,
                        "z-normalized": true
                  },
                  "accuracy": 0.13333333333333333,
                  "recall": 0.1486111111111111,
                  "f1-score": 0.1297979797979798,
                  "auroc": 0.5356060606060605,
                  "runtime": 1.6173265340003127
            }
      }
}