{
      "Cricket": {
            "properties": {
                  "num_of_dimensions": 6,
                  "num_of_instances": 135,
                  "num_of_timestamps": 1197,
                  "num_of_classes": 12,
                  "unique_lengths": true,
                  "missing_values_count": 0,
                  "len train set": 135,
                  "len test set": 45,
                  "imbalance": 0
            },
            "dagdtw": {
                  "arguments": {
                        "sigma": 1,
                        "pseudo_distance": true,
                        "average_aggregation": false,
                        "window": 0.03,
                        "distance_composition": 0,
                        "njobs": -1,
                        "z-normalized": true
                  },
                  "accuracy": 0.5333333333333333,
                  "recall": 0.5138888888888888,
                  "f1-score": 0.47031625781625785,
                  "auroc": 0.734848484848485,
                  "runtime": 161.17241346300034
            },
            "agdtw": {
                  "arguments": {
                        "sigma": 1,
                        "pseudo_distance": true,
                        "average_aggregation": false,
                        "window": 0.03,
                        "distance_composition": 0,
                        "njobs": -1,
                        "z-normalized": true
                  },
                  "accuracy": 0.7777777777777778,
                  "recall": 0.7916666666666666,
                  "f1-score": 0.7611772486772487,
                  "auroc": 0.8863636363636364,
                  "runtime": 583.2035570930002
            },
            "dtw": {
                  "arguments": {
                        "w": 0.03,
                        "njobs": -1,
                        "z-normalized": true
                  },
                  "accuracy": 0.4888888888888889,
                  "recall": 0.4611111111111111,
                  "f1-score": 0.433080808080808,
                  "auroc": 0.7060606060606059,
                  "runtime": 0.966264508999302
            },
            "sdtw": {
                  "arguments": {
                        "gamma": 1.0,
                        "njobs": -1,
                        "z-normalized": true
                  },
                  "accuracy": 0.7111111111111111,
                  "recall": 0.7000000000000001,
                  "f1-score": 0.6873917748917749,
                  "auroc": 0.8363636363636364,
                  "runtime": 554.8634900910001
            },
            "ddtw": {
                  "arguments": {
                        "w": 0.03,
                        "njobs": -1,
                        "z-normalized": true
                  },
                  "accuracy": 0.13333333333333333,
                  "recall": 0.1486111111111111,
                  "f1-score": 0.1297979797979798,
                  "auroc": 0.5356060606060605,
                  "runtime": 1.4672471079993556
            },
            "wdtw": {
                  "arguments": {
                        "g": 0.115,
                        "njobs": -1,
                        "z-normalized": true
                  },
                  "accuracy": 0.4888888888888889,
                  "recall": 0.4611111111111111,
                  "f1-score": 0.433080808080808,
                  "auroc": 0.7060606060606059,
                  "runtime": 1.1736713890004467
            },
            "wddtw": {
                  "arguments": {
                        "g": 0.115,
                        "njobs": -1,
                        "z-normalized": true
                  },
                  "accuracy": 0.13333333333333333,
                  "recall": 0.1486111111111111,
                  "f1-score": 0.1297979797979798,
                  "auroc": 0.5356060606060605,
                  "runtime": 1.6147938499998418
            }
      }
}