{
      "Epilepsy": {
            "dtw": {
                  "accuracy": 0.7101449275362319,
                  "recall": 0.6963235294117647,
                  "f1-score": 0.6980425215639485,
                  "auroc": 0.7975490196078431,
                  "runtime": 0.6302680359999995
            },
            "agdtwbt_sigma_point33_cumulative_pseudodistance": {
                  "accuracy": 1.0,
                  "recall": 1.0,
                  "f1-score": 1.0,
                  "auroc": 1.0,
                  "runtime": 9.213508658999999
            }
      },
      "FingerMovements": {
            "dtw": {
                  "accuracy": 0.5576923076923077,
                  "recall": 0.5562152133580704,
                  "f1-score": 0.5562152133580704,
                  "auroc": 0.5562152133580706,
                  "runtime": 3.4780506260000017
            },
            "agdtwbt_sigma_point33_cumulative_pseudodistance": {
                  "accuracy": 0.5769230769230769,
                  "recall": 0.5699443413729128,
                  "f1-score": 0.5666666666666667,
                  "auroc": 0.5699443413729128,
                  "runtime": 15.923912756999997
            }
      },
      "HandMovementDirection": {
            "dtw": {
                  "accuracy": 0.3898305084745763,
                  "recall": 0.3926470588235294,
                  "f1-score": 0.38486111111111115,
                  "auroc": 0.5950980392156863,
                  "runtime": 1.0491493300000059
            },
            "agdtwbt_sigma_point33_cumulative_pseudodistance": {
                  "accuracy": 0.2542372881355932,
                  "recall": 0.26078431372549016,
                  "f1-score": 0.24646551724137933,
                  "auroc": 0.5071895424836601,
                  "runtime": 77.77354822
            }
      },
      "Heartbeat": {
            "dtw": {
                  "accuracy": 0.6504854368932039,
                  "recall": 0.5545886075949367,
                  "f1-score": 0.5482456140350876,
                  "auroc": 0.5545886075949368,
                  "runtime": 258.537128982
            },
            "agdtwbt_sigma_point33_cumulative_pseudodistance": {
                  "accuracy": 0.6699029126213593,
                  "recall": 0.4947257383966245,
                  "f1-score": 0.4915795586527294,
                  "auroc": 0.4947257383966245,
                  "runtime": 2072.452031444
            }
      },
      "BasicMotions": {
            "dtw": {
                  "accuracy": 0.75,
                  "recall": 0.6083333333333334,
                  "f1-score": 0.5989832535885167,
                  "auroc": 0.7388888888888889,
                  "runtime": 0.06628393400023924
            },
            "agdtwbt_sigma_point33_cumulative_pseudodistance": {
                  "accuracy": 0.75,
                  "recall": 0.6,
                  "f1-score": 0.5770676691729324,
                  "auroc": 0.7333333333333334,
                  "runtime": 0.5407403359995442
            }
      },
      "SelfRegulationSCP1": {
            "dtw": {
                  "accuracy": 0.7943262411347518,
                  "recall": 0.794987922705314,
                  "f1-score": 0.7942848518388086,
                  "auroc": 0.7949879227053139,
                  "runtime": 9.192944788000204
            },
            "agdtwbt_sigma_point33_cumulative_pseudodistance": {
                  "accuracy": 0.40425531914893614,
                  "recall": 0.41183574879227053,
                  "f1-score": 0.32242562929061785,
                  "auroc": 0.4118357487922705,
                  "runtime": 2337.8916607300007
            }
      }
}