{
      "JapaneseVowels": {
            "properties": {
                  "num_of_dimensions": 12,
                  "num_of_instances": 405,
                  "num_of_timestamps": 29,
                  "num_of_classes": 9
            },
            "sdtw": {
                  "accuracy": 0.9407407407407408,
                  "recall": 0.9403242955874536,
                  "f1-score": 0.9363892280558948,
                  "auroc": 0.9664324162679425,
                  "runtime": 11.417261573
            },
            "dtw": {
                  "accuracy": 0.9555555555555556,
                  "recall": 0.9542131844763424,
                  "f1-score": 0.9540123456790125,
                  "auroc": 0.9742449162679425,
                  "runtime": 3.2475908129999986
            }
      }
}